feature_00,feature_01,feature_02,feature_03,feature_04,feature_05,feature_06,feature_07,feature_08,feature_09,feature_10,feature_11,feature_12,feature_13,feature_14,feature_15,feature_16,feature_17,feature_18,feature_19,feature_20,feature_21,feature_22,feature_23,feature_24,feature_25,feature_26,feature_27,feature_28,feature_29,feature_30,feature_31,feature_32,feature_33,feature_34,feature_35,feature_36,feature_37,feature_38,feature_39,feature_40,feature_41,feature_42,feature_43,feature_44,feature_45,feature_46,feature_47,feature_48,feature_49,feature_50,feature_51,feature_52,feature_53,feature_54,feature_55,feature_56,feature_57,feature_58,feature_59,feature_60,feature_61,feature_62,feature_63,feature_64,feature_65,feature_66,feature_67,feature_68,feature_69,feature_70,feature_71,feature_72,feature_73,feature_74,feature_75,feature_76,feature_77,feature_78
-0.006414195,0.012002726,-0.0077785947,-0.006802083,0.02136446,0.1396001,0.06836993,0.1255366,-0.10250321,-0.0024093213,-0.0015347888,-0.0039595305,-0.19241655,-0.16506088,-0.20453008,-0.03684015,-0.038496286,-0.038037185,-0.13632253,0.1145139,0.0084993085,0.0052976348,0.015694931,-0.01273567,0.021580402,0.015575524,-0.0019676522,0.012729724,0.014798242,-0.03459493,-0.03676489,0.0057080076,0.009344934,0.07328641,-0.0025557072,-0.0025050158,0.008808251,-0.20371751,-0.19109859,0.06518392,0.011320383,0.025488941,0.1918139,0.055767763,0.12836961,0.15637085,0.21264172,0.22508723,0.09839646,0.19663452,0.06025614,-0.0287475,0.0077980375,0.21183084,0.067730494,0.15851046,0.16165723,0.22725058,0.2432212,0.114640884,0.20792317,0.012639875,-0.012653643,-0.015081365,-0.014654836,-0.13589847,0.11286765,-0.21458367,-0.1720443,-0.22742875,-0.14858861,-0.09433615,-0.14896138,-0.03258289,-0.01236955,-0.03258165,-0.015156485,-0.03535634,-0.014220704
-0.14773017,0.011051796,-0.14903788,-0.14891508,0.01600593,0.111171305,0.06314889,0.10766454,-0.086962186,0.015347747,0.05145054,0.037774656,0.13199538,0.09653685,0.13291307,0.24951886,0.24311021,0.26344237,0.016544247,0.079948574,0.02119652,-0.005148857,-0.030466747,0.11774378,-0.12496583,-0.06872244,0.025645042,-0.028712355,-0.034669675,0.24796858,0.2655864,-0.0042728153,-0.13026309,0.023260085,-0.1380944,-0.13729492,0.010898779,-0.06598313,-0.064414755,0.18101981,0.0676558,0.1432641,-0.011204643,0.020080337,-0.0037085877,0.12159845,0.017264262,0.09208503,0.07612519,0.11376345,0.21339689,0.17496379,0.23470756,-0.043048363,-0.093438655,-0.09792408,0.13290198,0.008839175,0.1028124,0.08753661,0.11737687,0.060471144,0.0775347,0.08418864,0.090655945,0.016960775,0.07865752,0.11735652,0.05636121,0.10331182,0.13941343,0.11167518,0.15385841,-0.020205282,-0.012418479,-0.0063669616,-0.00053561456,-0.014085006,-0.006827601
0.10389727,0.030845085,0.10056226,0.10222169,0.023919532,0.090810135,0.055574164,0.09503052,-0.048550226,-0.018982682,-0.03016009,-0.05622445,0.14009088,0.11632294,0.15049693,-0.12207615,-0.12261105,-0.13226046,-0.043067697,-0.01271705,-0.065127686,-0.06055405,-0.07297875,-0.15903343,0.035755068,0.016563153,-0.049889147,-0.016784541,-0.00018809544,-0.16758166,-0.16064258,-0.06097716,0.0784682,0.009568907,0.07906127,0.08006354,0.009081802,-0.026180495,-0.025085451,0.11877648,0.035024993,0.083383396,0.014149527,-0.00072680664,0.013418949,0.08308516,0.012778081,0.068174556,0.0685075,0.09628133,0.1268688,-0.018933542,0.073887326,0.02635125,0.027036432,0.04338672,0.089192785,0.016755197,0.07994815,0.080497436,0.1019074,-0.04619794,-0.020931227,-0.024703296,-0.02858756,-0.04664152,-0.01320128,0.119209036,0.07012705,0.11535832,0.1541633,0.12849765,0.17160346,0.2917649,0.2917951,0.27063575,0.27083883,0.3027625,0.3030602
0.23996563,0.018519541,0.23886348,0.23899873,0.016333131,0.045379564,0.07124698,0.09749769,0.04886134,-0.0013205309,0.012002992,0.031326275,0.13556318,0.09689162,0.12967362,-0.05154564,-0.046641074,-0.050919537,0.045163874,-0.009424848,0.01969473,0.07115375,0.057597008,0.08414213,0.096626736,0.069034636,0.027221886,-0.05016777,-0.06511466,-0.001590864,-0.026576431,0.07182811,0.25599185,-0.010903218,0.26229882,0.26325792,0.011750245,0.023549438,0.049016897,0.097982615,0.05780267,0.1004674,0.048030045,0.021259785,0.043931928,0.010465003,0.019513877,0.042595696,0.090301,0.10793572,0.09449275,0.032747276,0.08566078,0.06484805,0.00904583,0.06732161,0.0032637175,0.024758153,0.050841983,0.10146465,0.10891044,-0.14818539,-0.030770319,-0.02097569,-0.02915132,0.041798107,-0.004674179,0.12571149,0.051109936,0.10441696,0.13290933,0.11900836,0.14367142,-0.22198492,-0.22846761,-0.20348369,-0.20833321,-0.23015703,-0.23411134
0.20399731,-0.008755851,0.20451228,0.20419596,-0.011191635,-0.041822508,-0.03427471,-0.0531507,0.026174203,0.014523615,0.0827103,0.028618243,-0.13674949,-0.11551405,-0.14013813,0.22131196,0.21649943,0.23194316,0.037167795,0.028290711,-0.035399485,0.0595453,-0.06481797,0.10326815,-0.011246769,0.010433525,0.023065615,-0.17183867,-0.18591148,0.21689054,0.21581519,0.05940193,0.24643998,0.006039049,0.2491508,0.24845752,-0.002126424,0.004337981,0.0003372184,-0.010318958,-0.0016689758,-0.004638381,-0.04170744,0.0063628484,-0.02959761,0.0047086207,-0.029837867,-0.008739308,-0.036816716,-0.041725263,-0.0016412797,0.08273443,0.047466863,-0.07183341,-0.06585963,-0.10818663,0.005950122,-0.042116694,-0.017850222,-0.042125832,-0.042841457,-0.15813181,0.062344756,0.06325997,0.07299955,0.0352507,0.032444835,-0.12433916,-0.080506414,-0.11892336,-0.13924947,-0.11484666,-0.1448101,0.1329573,0.13233253,0.13889448,0.13857338,0.14906347,0.14698677
-0.04749894,-0.020946313,-0.047404848,-0.046766717,0.024259001,-0.051474784,0.14463712,0.10207858,0.16870858,0.01021686,-0.012676248,0.009820653,-0.04858782,-0.120822445,-0.10368249,0.014444574,0.011848727,0.014802027,0.22602193,-0.2524647,-0.002443441,0.014102886,0.0060690604,0.00020580358,-0.016412595,-0.008584693,0.004510879,0.006980558,0.0049204575,0.010784941,0.012484817,0.014456111,-0.069879666,-0.10486463,-0.0568706,-0.05668348,-0.0073715695,0.27884504,0.2570552,0.06789925,0.09027426,0.123621926,0.11744561,0.116285056,0.17553852,-0.16836865,-0.15358469,-0.03807171,0.20845185,0.16627778,0.08200789,0.059214316,0.1332727,0.12527178,0.086850934,0.18899798,-0.16832179,-0.16774382,-0.014650388,0.23699377,0.17913067,0.02380145,0.0022446082,-0.0032246246,0.0008139156,0.23016559,-0.24956718,-0.03113961,-0.15473732,-0.11400102,-0.06709843,-0.03367013,-0.078294806,0.052601244,0.025714625,0.051553484,0.027626954,0.056953326,0.028942024
-0.051809266,0.02436165,-0.053914003,-0.05425155,0.0070896265,0.020840336,0.0030948177,0.010023154,-0.037738364,0.043234922,-0.09832921,0.14945245,-0.002495638,0.023737956,0.018275965,-0.04876,-0.036070593,-0.046380088,-0.0013524878,0.0046720635,0.15897338,0.473977,0.31843424,0.23964743,0.33409595,0.3386606,0.091458715,-0.03404594,-0.061566398,0.058629714,-0.04364876,0.47497997,-0.06591234,-0.0028702444,-0.067342415,-0.06647181,-0.005392631,-0.011420987,-0.018464,0.006479077,0.028288893,0.031000743,-0.016811267,-0.030763948,-0.046099674,-0.022868946,0.027991582,0.0009930239,-0.0047893715,-0.006242171,-0.013812861,0.032565583,0.0026419328,0.008530115,-0.0507592,-0.017713327,-0.034475088,0.038952846,0.0013497589,-0.0067467764,-0.005235929,0.062407464,-0.0350102,-0.029918663,-0.03285268,-0.0056494437,0.0022636612,0.002402787,0.022592207,0.02010497,-0.004805938,0.014757535,0.015205481,0.06355096,0.06387788,0.08074042,0.08104302,0.0772348,0.07654693
0.008885975,-0.008946243,0.009288691,0.008738043,0.015140425,0.025488932,0.0074837236,0.024558516,-0.013919233,0.07769197,-0.11248636,0.11727508,-0.032691725,-0.010814505,-0.02269463,-0.0055827624,0.01580973,0.0021866015,0.038857333,0.0143014,0.17212056,-0.07382413,0.38906476,0.26473296,-0.20836891,-0.2141874,0.16609247,0.52076477,0.45028728,-0.058365628,-0.0020924944,-0.07490947,0.11713372,0.0016256529,0.116944484,0.1182534,-0.00015379315,0.005773853,-0.00086570473,0.035034075,0.0033132639,0.034057844,-0.040471904,-0.04306378,-0.057376593,-0.00049150945,-0.016403245,0.011348083,-0.01415327,0.004427263,0.036776196,0.04876294,0.045296483,-0.035625003,-0.083708584,-0.06119892,-0.007268887,-0.011313319,0.0136627965,-0.013861926,0.0077900523,-0.13223018,-0.021615949,-0.015563297,-0.018368468,0.03355808,0.016684044,-0.027844228,-0.0031669156,-0.019894859,-0.03569124,-0.013474457,-0.022679638,0.026585814,0.02766581,0.057545602,0.058212437,0.04771412,0.04729721
0.018749598,0.2526039,-0.0022309213,0.0040842826,0.24479887,0.3509195,0.0051709013,0.30245763,-0.06320136,0.009976648,-0.0063439114,-0.0018749693,-0.017758256,-0.007658167,-0.02694652,0.008831513,0.019737514,0.013116675,0.09430794,-0.21252534,-0.019243881,-0.0039844774,-0.033394605,-0.017521095,0.000358185,-0.0051075034,0.0012570267,-0.037686624,-0.037736703,0.004513206,0.007847304,-0.0044384566,-0.004784034,0.059093192,-0.014830475,-0.011975065,0.08941207,0.120742954,0.10669761,0.09476199,-0.25739926,-0.15134221,0.068462186,-0.27006966,-0.18018644,-0.0528635,-0.010406024,0.14782444,-0.22456098,0.065172285,0.113090955,-0.17296907,-0.10959036,0.08088908,-0.1832275,-0.14425528,-0.061854564,-0.02388351,0.1544325,-0.25265098,0.056152925,0.010662511,0.0059558055,0.01328303,0.007901118,0.08718848,-0.20308545,-0.03672602,0.04150318,-0.050278783,0.007960892,-0.061406806,0.0033014694,-0.0058405693,-0.017673083,-0.012082836,-0.018758524,-0.011963033,-0.021976199
0.06481624,-0.19131762,0.079739265,0.07488928,-0.16085963,-0.029364767,-0.13437305,-0.09655127,-0.0031933002,0.4858396,-0.33725798,0.42152935,0.07020483,-0.11126485,-0.045746688,-0.04116547,-0.044334285,-0.046180375,0.11983828,0.056792937,-0.138351,0.026625875,-0.08028186,-0.1027562,-0.0683014,-0.069949806,0.094236515,-0.06379732,-0.09226562,-0.06627099,-0.043559965,0.025896523,-0.058528833,-0.003480878,-0.060235668,-0.061977457,-0.053973224,0.021665335,0.012712219,0.10799199,-0.048424892,-0.017271342,-0.042850994,-0.031002175,-0.03418848,0.18055198,-0.14870785,0.06103661,-0.057541385,0.033335477,0.123580895,-0.082211584,-0.026884295,-0.036636718,-0.003227741,-0.020173931,0.19418079,-0.14326869,0.07381084,-0.056661017,0.049084544,0.07169306,-0.002531453,0.001838803,-0.0016295688,0.12517698,0.063639104,0.050118648,-0.09713246,-0.063745,0.08364244,-0.08906251,-0.018435974,-0.02510963,-0.022631867,-0.02002662,-0.020400569,-0.015755495,-0.016179487
0.015839426,0.28856757,-0.00919014,-0.0013929232,0.23586914,-0.0064036613,0.14752261,0.08393128,0.03236905,0.38917178,-0.22165035,0.35157952,-0.06893216,0.116788745,0.05797031,0.046491534,0.047758587,0.050282497,-0.24991484,-0.11725891,-0.13556549,-0.037375078,-0.07836109,-0.036390554,-0.054790303,-0.06757933,0.09265938,-0.025478086,-0.048642464,0.035374004,0.046905845,-0.039513905,0.0010322778,-0.014178235,0.008642774,0.011396056,0.081986316,-0.043192826,-0.008191991,-0.13271394,0.059685737,0.018287476,0.040515613,0.06460054,0.064007886,-0.16461274,0.17326276,-0.09650602,0.08619114,-0.050290883,-0.14443067,0.06774388,0.03158569,0.026933365,0.040570054,0.04367154,-0.17190585,0.16101167,-0.10742004,0.086967185,-0.07467945,-0.012867056,0.027155861,0.014765277,0.019026343,-0.26217657,-0.12249984,-0.048582993,0.08915064,0.07794987,-0.08806461,0.106543586,0.025660252,0.025535896,0.02258601,-0.004411698,-0.0020666155,0.0003440952,0.0017171663
0.20926265,0.05876791,0.20137608,0.20923248,0.26973048,0.20073026,0.34042522,0.24897492,-0.21029975,-0.041185696,0.009149335,-0.03469694,-0.03074422,-0.0989377,-0.044501282,-0.038741436,-0.040812586,-0.040550686,0.06158112,0.15727532,0.046173964,-0.01793604,0.023493648,0.0076979147,-0.0041508717,0.0005332967,0.007932489,0.0076236636,-0.0010056436,-0.050943635,-0.04179015,-0.016653927,-0.12972751,0.03850599,-0.13558431,-0.13540798,0.04492422,-0.018600242,-0.048718918,-0.0609645,0.004460838,0.027595155,-0.2583518,-0.024673576,-0.08241878,0.069395855,-0.1535213,-0.11534744,0.11905545,-0.095758736,-0.056819227,0.09120586,0.07659459,-0.24845095,0.11669612,-0.0091945985,0.054319516,-0.14368515,-0.14489385,0.14923224,-0.10531654,0.22216381,-0.009431563,0.0020143767,-0.004959267,0.060147855,0.15560755,-0.01669745,-0.11103151,-0.016083896,-0.046646632,-0.047717106,-0.07172865,-0.030049745,-0.024818948,-0.014769792,-0.012168937,-0.018816506,-0.012731145
0.34923592,0.012626155,0.35151568,0.34778765,-0.13055886,-0.12851304,-0.16983505,-0.12500092,0.15960631,-0.05663817,0.060201682,-0.029597878,-0.03247415,0.07438042,0.022198059,0.048394177,0.05501619,0.053306226,-0.06690066,-0.07651875,0.067133136,-0.09279648,0.06724161,0.122537136,0.016938746,0.022106454,0.08483164,0.08585179,0.04367043,0.047133602,0.048927125,-0.093775466,-0.2437263,-0.060873512,-0.23452336,-0.2353963,-0.0113488175,-0.0136475125,0.034941748,0.03807106,0.011189652,0.025080774,0.11322298,-0.009220728,0.013672477,-0.06454734,0.116424404,0.043391645,-0.04738608,0.056255914,0.028832203,-0.020815022,0.0038686062,0.11566462,-0.082216054,-0.021935914,-0.07225158,0.114918135,0.07416135,-0.06436912,0.05671938,0.37648878,0.004565095,0.002088047,0.0016603923,-0.06437916,-0.08089877,-0.03559976,0.07520604,0.010162578,-0.019156704,0.04557558,0.03697574,0.014608945,0.01158962,0.021051742,0.015111776,0.015208965,0.010357871
-0.021873543,-0.2761499,-0.0015577452,-0.0045795254,-0.06224753,0.08097763,0.16046214,0.16720508,0.04636371,0.079064086,-0.034708437,0.06626808,-0.16094005,0.29387742,0.026179539,-0.0068086,0.012724544,0.006273062,0.3365543,0.27670687,-0.023004929,-0.05408204,-0.055197343,-0.02105568,0.025036164,0.01300543,0.0087602325,-0.022114078,-0.023739858,0.015971007,-0.00022656881,-0.05389632,0.004234311,0.012295102,-0.0033344163,-0.0036215931,-0.007123477,0.014795496,0.009562945,-0.12382548,-0.028858908,-0.05157771,0.15491703,-0.04762859,0.02289727,-0.10961105,0.08496528,0.017623164,-0.030903498,-0.0149489185,-0.12892294,0.0011161044,-0.021502174,0.17481026,-0.057744578,0.031243812,-0.121121086,0.11017821,0.0043303077,-0.03475772,-0.013464393,0.020155726,-0.016400022,-0.008241795,-0.009828525,0.33749634,0.28531715,-0.14039429,0.28003374,0.046036754,-0.16794682,0.20835115,-0.005008909,-0.02250875,-0.023991106,0.08023771,0.07968683,0.022540392,0.023588862
0.0054649524,0.036947127,0.0039119446,0.0058339736,0.066198826,0.039700218,-0.0791512,-0.026916308,-0.022029392,-0.0091272,0.001506595,-0.0236203,-0.05951029,0.033841547,-0.012381559,-0.03775781,-0.03836228,-0.042986147,0.06478651,-0.0046848734,-0.032986026,0.028297374,0.0037387384,-0.018949527,-0.027938938,-0.04123417,0.0021126315,-0.0116885025,-0.012174317,-0.04688997,-0.039495002,0.02810471,0.025841413,0.3217309,-0.045083873,-0.025086036,0.4871157,0.03712413,0.009982776,0.14286391,0.40254775,0.25531468,0.05768503,0.36889064,0.18442915,0.05428333,-0.012499136,0.10030897,-0.03571466,0.0170353,-0.026080979,-0.15322958,-0.0995502,-0.1133429,-0.1946021,-0.16756368,-0.011873797,-0.07642054,-0.044089556,-0.15300919,-0.1167886,0.013363638,-0.006966928,-0.008042923,-0.008134447,0.06997078,-0.006561118,-0.04899679,0.080788314,0.010952507,-0.06297194,-0.036514718,-0.04162268,-0.01106614,-0.010267266,-0.0033960524,-0.006724307,-0.008776478,-0.011131149
0.008493157,0.19026023,-0.016239202,-0.0052311104,0.2927095,-0.07204912,-0.0168514,0.014175458,0.23141176,0.030462915,0.034733377,0.051975418,0.2567043,-0.220742,0.025729954,0.07026854,0.045339037,0.060694326,0.11010307,0.27738622,0.035115093,-0.07596854,0.006039759,0.061281715,0.09762175,0.09632519,0.028485695,0.061484538,0.054961942,0.093958125,0.06725815,-0.07313783,-0.020890776,-0.08805397,-0.008757835,-0.001691923,0.12259439,-0.008344296,0.118708976,-0.042509027,-0.045642555,-0.12122319,0.117343135,0.08805967,0.1791119,-0.015158017,0.12206762,-0.06053563,-0.022853246,0.02982396,-0.063689,-0.17106327,-0.19942342,0.07411442,0.017315146,0.11456129,-0.021765323,0.111964375,-0.049511332,-0.06088012,-0.0027933505,-0.016808007,-0.008181035,-0.027417047,-0.0065035843,0.10700929,0.2971275,0.24916579,-0.19449021,0.010239152,0.23984551,-0.18133408,0.040999684,0.045064222,0.031631596,0.032755915,0.025242781,0.05162919,0.036334865
-0.021372585,0.23772123,-0.044938266,-0.03748389,0.21609378,-0.12026937,-0.07869965,-0.012614489,0.32827196,-0.092711985,0.059942897,-0.11446756,-0.111462176,0.047617447,-0.022677615,-0.115658425,-0.080183454,-0.09425314,0.0071696723,0.17744796,-0.26648447,0.1973857,0.027875643,-0.021003844,-0.22463743,-0.28622046,0.14936727,-0.047367126,-0.12998019,-0.12923814,-0.07880599,0.19570945,-0.03570589,-0.3000433,0.017689284,0.015086376,-0.11004496,-0.023365831,0.13178694,0.15355986,0.045475308,0.11558996,-0.06565994,-0.03461384,-0.08063647,0.052993268,0.029683253,-0.08435506,-0.036845546,-0.0032575713,0.16766621,0.03398614,0.11184539,-0.028858894,-0.0829921,-0.064920686,0.054862645,0.057789788,0.016597629,-0.05053897,0.017125659,0.06684252,-0.021594271,-0.0011234658,-0.01643436,0.005084855,0.18348154,-0.10126892,0.059714682,-0.016451731,-0.11089556,0.019954018,-0.028195912,-0.023413064,-0.03517972,0.01964412,0.010070746,-0.008607173,-0.017098343
-0.049115263,-0.12328249,-0.038969256,-0.040426232,-0.078904346,0.028651157,0.06278554,0.02776758,-0.097848296,-0.024585513,0.2699206,-0.029704217,0.060271718,-0.026705403,0.017408121,-0.036869835,-0.046034247,-0.03986895,-0.02236611,-0.050804663,-0.020350864,-0.04031064,-0.014244763,0.04487303,-0.047715858,-0.06768038,0.83150154,0.06301475,-0.32584232,0.0002641403,-0.02897737,-0.03945298,0.030250344,0.092489555,0.009058435,0.01169636,0.05001715,-0.0067250514,-0.049898952,-0.05651513,-0.043867823,-0.057973072,0.019269299,-0.0075963237,0.03172348,-0.020742403,-0.010662608,0.016608857,0.014571417,0.009041398,-0.06694759,-0.045184836,-0.057891116,0.013422357,0.022837251,0.059933573,-0.03016423,-0.020091293,-0.016346965,0.018732194,0.0048898323,0.03295376,-0.0039007019,-0.013387107,-0.008471831,-0.014614691,-0.049285922,0.058074173,-0.034786478,0.014795116,0.053006023,-0.010920097,0.019667933,0.020591548,0.027403912,0.00013200009,0.0061018965,0.014468798,0.017318197
0.00033828954,0.014871802,0.0015387654,-0.0011479236,-0.04788851,-0.13840447,-0.032978002,-0.11487622,0.27046174,-0.056571975,-0.06374489,-0.048082948,0.013136732,0.003181187,0.015180642,0.023987245,-0.0016218155,0.012479397,0.010117531,0.0386337,-0.14793369,0.103308596,0.04310391,0.021721909,-0.102983065,-0.10191864,-0.057945933,-0.013729473,0.012421519,-0.030028576,0.0031722663,0.10307837,0.055671304,0.5216421,-0.04263833,-0.024153356,0.39738953,0.024696441,0.097985275,-0.07367159,-0.27312505,-0.13384037,-0.059550706,-0.27420422,-0.13304305,-0.00013088303,0.037478108,0.15390909,0.12392674,0.104647204,-0.060802422,0.14609113,0.048557647,-0.04583656,0.15029673,0.054619696,-0.023331618,0.016821323,-0.01418354,0.18974292,0.041942276,0.045154996,-0.011742906,-0.0004708851,-0.006535889,-0.012411599,0.055133387,0.0040426985,-0.06964403,-0.009554631,0.020676786,0.09044856,0.03972376,-0.005921894,-0.015178284,0.02687084,0.022035366,0.006466749,0.002999055
0.010039979,-0.38672975,0.034815222,0.033419084,-0.10407205,-0.07943322,0.40636563,0.23773168,0.15129897,-0.0846276,-0.06285575,-0.055168048,0.06536659,-0.010546801,-0.008915926,0.049880378,0.07808303,0.049523585,-0.23989406,-0.037231896,-0.18628484,0.12773818,0.061962537,0.041119717,-0.10472841,-0.10155951,-0.09686238,0.0034837914,0.041733406,-0.002780728,0.035477776,0.12908128,-0.02682164,-0.1547823,-0.012627943,-0.0064537465,0.13854338,-0.009878585,0.054039754,-0.07692064,-0.07242456,-0.02119075,0.09086381,-0.048718356,0.088102326,0.10458441,-0.07857298,-0.08519044,-0.0043109627,0.04863679,-0.11902925,-0.24526641,-0.10114971,0.05817161,-0.316675,0.0067897295,0.11759493,-0.09175746,-0.07195895,-0.058274984,0.011674856,-0.010439986,0.004730245,0.0038955898,0.0051171114,-0.23954247,-0.044303317,0.071756676,-0.0057445443,-0.01027423,0.05114671,-0.014741044,-0.0038306895,0.008445307,0.003020622,-0.00019815232,-0.002353314,0.004924074,0.0023835602
-0.061749287,-0.019978553,-0.060655486,-0.06071609,-0.102698736,-0.16566248,0.088558935,0.032074343,0.18986475,0.11850736,0.0664397,0.065785356,-0.091429584,-0.06096655,-0.01379571,-0.07415231,-0.017959904,-0.05969314,-0.09605274,0.09235425,0.37212315,-0.18186395,-0.12458339,-0.12725851,0.19414043,0.20892288,0.056043256,-0.015426674,-0.04195832,0.00293802,-0.06440841,-0.17723753,0.012021027,-0.07111049,0.01691821,0.023113009,0.19457598,-0.023007551,0.034578558,0.15982305,-0.1007881,0.17646292,-0.166085,-0.20179985,-0.123185866,-0.09201227,0.038824394,-0.067580305,0.064657815,0.10570521,0.14800619,-0.15849589,0.18826967,-0.1795086,-0.303661,-0.10437969,-0.10414486,0.04119787,-0.074469306,0.051725816,0.06878178,-0.046290092,-0.014907126,0.008939333,-0.009155542,-0.08232296,0.09493353,-0.08162014,-0.094410904,-0.024601102,-0.09980232,0.0094937775,0.007473289,-0.03493392,-0.03904794,0.023689976,0.018827906,-0.018625878,-0.016448136
-0.010980202,-0.08590139,-0.020762905,-0.011217757,0.38584146,-0.14526933,0.043515854,-0.03161016,0.28849676,0.027731678,0.039690536,0.028312813,-0.059943963,0.17793807,-0.058135983,0.024856538,-0.013496738,0.009110447,-0.0855504,-0.07359952,0.26842234,-0.08781869,-0.02369637,-0.044916455,0.10536574,0.17464639,0.09919626,0.039627455,-0.0030211166,0.04423024,0.014101476,-0.08830939,-0.0076546026,-0.020447748,-0.011847249,-0.009192253,0.06132698,-0.0014347509,0.08833676,-0.014814883,0.02335041,-0.067912616,0.11332641,0.0036654356,-0.029002547,0.32264823,-0.20911564,0.0732485,-0.054417584,-0.037305992,-0.020515732,0.1832122,-0.064320065,0.11567222,0.19971782,-0.015568745,0.34316552,-0.21359707,0.07639986,-0.05475191,-0.05605025,-0.07072337,-0.006048782,0.0023681147,-0.0021070482,-0.073779434,-0.065465614,-0.066182554,0.2023511,-0.040648524,-0.03762053,0.093097,-0.07242865,-0.017858012,-0.024812942,0.027322175,0.01761245,-0.0059945863,-0.011191639
-0.018592054,-0.05766549,-0.014497597,-0.0144174015,-0.03439317,0.03104642,0.0662116,0.036657043,0.07150668,0.25860482,0.79485226,0.34263366,0.017593836,-0.015324676,0.0013402548,-0.081569456,-0.06211132,-0.063867964,-0.021379394,-0.035794456,-0.06700771,0.043756127,0.007953689,0.09118408,0.007235117,-0.111273736,-0.23234566,-0.03390768,0.12826875,-0.0107697435,-0.035836454,0.043170016,0.01768867,0.062635586,0.012629622,0.010292427,-0.050412823,0.01512916,0.049551446,-0.007805413,0.044641722,-0.01540606,-0.02773633,0.014312063,-0.046119336,0.015041624,0.013965075,0.04261704,-0.012561346,-0.0120725995,-0.017309919,0.03222244,-0.043533426,-0.019984301,0.040849898,-0.0384091,0.005626898,0.016131788,0.037051927,-0.016893148,-0.0011017218,0.108113684,-0.02724079,-0.025235368,-0.026627684,-0.02568976,-0.021928448,0.013234059,-0.010309169,-0.0011771503,0.024755757,-0.01722823,0.00481588,-0.018114634,-0.022746341,0.04775729,0.045240875,0.011533666,0.009430272
-0.015759125,-0.1059598,-0.007918398,-0.012346896,-0.11565639,0.06750283,0.32884386,0.13130496,0.400301,-0.026278919,-0.1547806,-0.05887901,0.028320273,-0.105667815,0.029401287,-0.00065209344,-0.026683444,-0.0021532415,-0.03851823,-0.019512696,0.028462894,-0.026050886,-0.02959003,-0.03937022,0.032259364,0.038163934,0.0534388,0.019822467,-0.016901808,0.013594757,0.010583709,-0.026901599,0.027665613,0.3097026,-0.013263043,-0.02302827,-0.3880319,-0.0051604477,0.12947741,0.08180998,0.19494094,0.001501308,-0.10063804,0.17329064,-0.15337546,-0.08039913,0.14752357,0.15293828,-0.09073067,-0.11481754,0.08100527,0.07460166,-0.08759259,-0.09112366,0.15111148,-0.20338902,-0.08161757,0.14593239,0.10719322,-0.096594274,-0.04820161,0.0040819542,-0.004382061,0.0073579294,0.0043316977,-0.034048073,-0.012788584,0.014579498,-0.02506797,0.03815987,0.037745383,-0.16966179,0.015230511,0.041565895,0.02937707,-0.038338177,-0.048241094,0.010932637,0.004289171
-0.0031187697,-0.2736262,0.010626914,0.010950173,-0.0050390745,-0.045504678,0.0523099,0.080419,-0.097019166,0.0009939596,0.0031119417,0.013766455,-0.007329435,-0.07130625,0.048506875,0.018798392,-0.07888399,-0.0051942402,-0.0516793,0.019983951,0.010751149,0.029011631,0.008881238,0.011278812,-0.037885208,-0.03137374,-0.031500883,-0.010356665,0.004987349,0.004548121,0.012767296,0.028020931,-0.012520827,-0.1773927,0.00305615,0.01775952,0.3731197,-0.015864646,-0.0772108,0.28197247,-0.08388587,0.038710274,0.11664023,-0.048462268,-0.043081507,-0.1303842,0.07724399,-0.12511507,-0.17931266,-0.0386227,0.30070683,0.16580449,0.06122885,0.11384508,0.46463546,0.0017138604,-0.13693585,0.07873209,-0.11961113,-0.18756272,-0.10385305,-0.0005157814,0.017739583,0.020254755,0.019431187,-0.038497776,0.0049329433,0.035239413,0.07067429,0.09918368,-0.05688657,-0.22140433,-0.026374537,0.05454219,0.06320841,-0.07542206,-0.07116493,0.01435984,0.018232176
0.011099987,-0.16525576,0.013244882,0.022119122,0.37185267,-0.17155254,-0.09090207,-0.01426492,-0.057001665,0.009858654,0.052624855,0.016647993,-0.027594926,0.009495036,0.028848544,0.032715574,0.00063817686,0.009194486,-0.074543394,0.06674252,-0.031798076,0.0232599,0.014047878,0.0030720711,-0.0043647755,0.0015257567,-0.022505287,0.0068816002,0.022782128,-0.008512164,0.0005929226,0.021673787,0.036365427,0.46269357,-0.023431515,-0.03658419,-0.3495252,-0.016528955,-0.13002096,0.11422679,-0.08634608,0.086880244,0.058014937,-0.06282815,0.12512009,-0.111017525,-0.12853363,-0.08205777,-0.09720978,-0.04033123,0.18741007,-0.19434692,0.1876481,0.13963251,-0.14971572,0.23494577,-0.10253093,-0.11249486,-0.20180963,-0.060375012,0.04325433,-0.00015406015,0.018958818,0.0047133644,0.0156973,-0.06092911,0.0483492,0.0066365926,0.039234076,0.041102882,-0.06953212,-0.031776972,0.009759261,0.06493095,0.08105302,-0.098157056,-0.08671876,0.0016716744,0.01771001
0.0005902814,0.25202334,-0.004835541,-0.012800489,-0.3223565,0.1446869,-0.009156006,0.12499022,-0.0075742714,-0.012320654,-0.038721524,-0.0041688737,0.0449092,-0.010432201,-0.050669573,-0.028404089,0.025517922,-0.011674116,-0.14771344,0.09865091,0.055729542,-0.023463042,-0.0072042854,0.00027312886,-0.01666506,0.016905148,0.0126907155,-0.016156316,-0.025944065,0.0010101952,-0.008273222,-0.023441115,0.017053816,0.16799673,0.0006119369,0.00023540852,-0.051012475,0.093155675,0.1660658,0.012512748,-0.017229188,0.022181164,0.115688436,0.0043238294,0.13321194,0.027200636,-0.11639152,-0.11643471,-0.14699058,-0.05367439,0.07369603,0.14457682,0.14359581,0.14091998,0.015951416,0.16832441,0.029744873,-0.109662116,-0.168866,-0.1345833,-0.03415527,0.029599415,-0.032518677,-0.040705506,-0.038258888,-0.16189866,0.105676316,0.082787775,0.09543712,0.0011870903,-0.002659452,-0.1264032,-0.102221616,-0.25365385,-0.26785368,0.33427346,0.32495242,-0.04377721,-0.046094794
-0.037259784,-0.33115274,-0.024753502,-0.015680598,0.3699794,-0.11761295,-0.055284925,-0.049321465,-0.050154004,-0.01952946,-0.10914461,-0.029449347,0.07220302,-0.114975855,0.021857437,-0.109895036,0.042508077,-0.054392666,0.024719208,-0.10271848,0.069050126,-0.024546366,-0.013554398,0.04921244,-0.07515037,-0.07972137,-0.05991372,-0.10475891,-0.09245473,-0.03537871,-0.03295281,-0.027389692,0.06645288,-0.037150983,0.06028621,0.059861343,-0.005391666,-0.113439284,-0.1767241,-0.025569763,0.04329343,-0.059067957,0.015971856,0.039883558,-0.05331851,-0.11889842,0.0840895,0.06050074,0.007907705,0.00781536,-0.014043437,0.20699374,-0.018519828,-0.0030841918,-0.16064176,-0.124503635,-0.10968979,0.09183402,0.069454,0.025973026,0.01189406,0.20886824,-0.049004886,-0.05734923,-0.05470201,0.044871334,-0.1397224,0.058910377,-0.13523123,0.007817035,0.07769891,-0.04934698,0.044408347,-0.25256908,-0.23221399,0.30013573,0.3183757,-0.05768031,-0.029514704
0.007690728,0.10683231,0.006163462,0.0060461476,-0.07713738,-0.026746737,0.10012382,-0.022114636,-0.013552029,0.026701402,-0.031456828,0.028148595,0.037468605,0.021781735,0.0076029436,-0.049992036,-0.04444825,-0.03997447,0.029600568,0.011962747,0.6724445,0.10982768,-0.018890383,-0.0021773886,-0.42130548,-0.24740446,-0.11060093,-0.22218338,-0.17816947,-0.04178502,-0.013513207,0.1043424,0.03877528,0.038596645,0.03510511,0.03202061,-0.018882966,0.012089675,0.01102363,-0.047853913,-0.050925884,-0.115099676,0.06505953,0.043681774,0.120148025,0.023117408,0.039766252,-0.008530695,-0.012097232,-0.014740465,-0.0133203305,0.022572381,-0.05137831,0.029023053,-0.074493214,0.074453846,0.016204236,0.032384373,-0.01076908,-0.0156224035,-0.010334818,0.13117824,-0.021425104,-0.06357678,-0.038325816,0.024273546,-0.008159922,0.04702931,0.032480706,0.015418052,0.02190392,-0.0053788475,-0.0041161957,0.12213443,0.118398145,-0.11493599,-0.11353288,0.041169174,0.03643881
-0.0947722,0.10459413,-0.100253716,-0.1048654,-0.07349079,-0.03193783,0.11385899,-0.07275734,-0.06597813,-0.0121242525,-0.07199152,0.0008724758,0.01559261,0.002388053,-0.05268887,-0.032659125,0.04667016,-0.014997539,0.0037009993,0.041709263,-0.17128947,-0.13554788,0.04173815,0.11900363,0.13960685,0.10524071,-0.020898473,0.010639762,-0.0061582965,-0.017697604,-0.029135132,-0.13381682,0.2061212,0.02236515,0.190496,0.19470146,0.02152443,0.031681754,0.057169978,0.104418114,0.045864437,-0.08154605,0.14649627,-0.038097713,-0.069217905,0.06018707,-0.061881788,-0.05951861,0.06770329,-0.079138875,0.11480002,0.20173815,-0.063022316,0.16575179,-0.19826551,-0.077327035,0.054220207,-0.05032817,-0.08544657,0.05216368,-0.100924574,0.60064507,-0.043520357,-0.06479814,-0.05347618,-0.017427001,0.021832446,0.02353156,-0.02304388,-0.04301961,0.0033590253,0.03049828,-0.06126672,0.12427277,0.11645946,-0.14663678,-0.15911578,0.029558353,0.018175026
-0.06622962,-0.15194258,-0.060384583,-0.055989735,0.047600094,0.15757273,-0.275966,0.19763051,0.12935476,-0.00039792559,-0.06678607,-0.0054267393,0.0069019585,0.00450527,0.010836816,0.023548614,-0.036926765,0.0121299885,-0.07619589,0.033840254,0.016490733,-0.04416517,0.02305507,0.06573665,0.0024318614,0.026467327,-0.023794277,-0.024941955,-0.019688798,0.01918239,0.025879258,-0.043549355,0.1210973,-0.077071026,0.11278986,0.11535533,0.026557373,-0.0033372089,0.085032016,-0.26112595,0.018624948,0.23650207,-0.20756137,-0.022771833,0.108799465,-0.0368776,-0.054157075,0.08904847,-0.17308119,0.18827802,-0.27530903,-0.004161973,0.22335653,-0.1989604,0.14946152,0.16716239,-0.033429425,-0.039491374,0.09942448,-0.19180244,0.19591993,0.34062016,-0.019987086,0.0101890275,-0.0074169673,-0.0741896,0.015468177,0.0012691107,0.09384122,-0.0039585554,0.01563609,-0.11409227,0.026989816,0.06768049,0.05562613,-0.071359605,-0.07776784,0.031767208,0.01852081
0.027410364,-0.19666496,0.041354116,0.043286752,0.058711104,0.20759673,-0.29061246,0.111057945,-0.045082036,0.014976714,0.012490493,-0.00668761,0.039855745,-0.07221322,-0.039118793,-0.11964204,0.0304722,-0.06896297,-0.16607879,0.14926423,0.044978935,-0.00018206242,-0.061510973,-0.030209221,0.00829769,-0.047816355,0.007242654,-0.02202549,-0.02461688,-0.014810442,-0.061310552,-0.001675439,-0.09116891,0.012623891,-0.08607471,-0.083745666,0.010772792,0.18602803,0.21226111,-0.06868621,0.13981804,0.009283619,0.13717037,-0.009455797,-0.14947782,-0.10450867,-0.055537574,-0.039460655,0.00014498636,0.017866556,-0.09364296,0.43211523,-0.0383284,0.16647944,-0.21257034,-0.13930692,-0.101787515,-0.040930867,-0.03471944,0.041521035,0.031239547,-0.25047988,-0.009041506,0.0027709652,-0.008716035,-0.17344198,0.17195247,0.020442842,-0.17250013,-0.0971843,0.0584359,0.083498225,0.039380495,0.114983425,0.0935535,-0.1166234,-0.13789769,0.027078353,-0.0015336932
0.030216724,0.097343914,0.020856362,0.024201728,-0.031608995,-0.1445659,0.20712575,-0.05990555,0.026516303,0.0028305417,0.027724262,0.0071296743,0.06716499,-0.050266698,-0.042693496,-0.13537619,0.062391393,-0.08416273,0.15665688,-0.11933942,-0.114137515,-0.031834498,-0.036870267,-0.019057292,0.09116807,0.0077544977,0.0062355744,0.012982954,0.013231394,-0.022123117,-0.061451502,-0.030462906,-0.06996119,0.011521975,-0.07460107,-0.068095684,0.06780739,-0.10641928,-0.13714044,-0.09718741,-0.01709673,0.097460486,-0.09272336,-0.124151886,0.13244359,0.08067025,0.10331624,0.044803113,-0.17857666,-0.032221984,-0.08084218,0.4447936,0.1811558,-0.028417889,-0.32054305,0.25276142,0.07859909,0.11109606,0.059599385,-0.16507532,-0.024929672,-0.19157742,-0.010725933,-0.013982809,-0.014267504,0.15753567,-0.10378036,0.07812068,0.1213993,0.01280913,0.061888997,-0.24096383,-0.10660697,0.06452574,0.08036772,-0.09860545,-0.084150754,-0.0018504359,0.0082563795
-0.013690213,-0.09037911,-0.010074764,-0.0052304394,0.040112384,0.10175789,-0.06887437,-0.03708977,-0.017059691,-0.0154159665,-0.008488077,-0.0012239753,-0.028691472,-0.14368062,0.117573515,-0.0039889063,-0.027871579,-0.006445275,0.109670505,-0.122899234,0.05040233,-0.015861789,-0.00042922638,0.0353854,0.0069443015,-0.048486203,-0.00080512895,-0.022403361,-0.026959749,0.006347425,9.411519e-06,-0.018235521,0.005115632,0.05219381,0.0050937003,0.0074068527,-0.001810955,0.1609211,0.17736661,-0.14881003,-0.004196011,0.2952136,0.14462332,-0.10211555,-0.17864934,0.26815522,0.23610269,-0.10695637,0.019829461,-0.2307848,-0.13340768,-0.20173594,0.3107589,0.21906047,0.01629386,-0.034740563,0.2674432,0.23679103,-0.108822644,0.07283034,-0.21750696,0.021760961,-0.0026447806,0.061230365,0.021360682,0.067080736,-0.08744025,-0.025578462,-0.16156352,0.14708842,-0.047491413,-0.07823205,0.07077943,-0.00096741377,-0.015858753,0.017528666,0.0036938372,0.015613816,-0.0040296945
0.005928766,0.23693697,-0.0026959814,-0.0028464189,-0.06985519,-0.22695033,0.16996278,-0.009322729,-0.016156195,0.023250513,-0.011487098,-0.01763076,0.055220533,-0.063606866,0.008233567,-0.040554594,-0.07469588,-0.0317092,0.016741462,0.08213729,0.024831349,0.0019703577,-0.020850178,0.04274878,0.013359824,-0.10217754,-0.025680628,-0.02255309,-0.026902428,0.016762197,0.0037269979,-0.00039761196,-0.0061501223,0.01958151,-0.0042239167,-0.0065974533,-0.023597857,-0.18755078,-0.25392538,-0.14044204,0.094621316,0.29712853,0.2639876,-0.10177477,-0.2818219,-0.093238324,-0.23628564,0.035869524,-0.056746237,0.12203981,-0.25749627,-0.060329262,0.06663287,0.2536928,0.13889644,-0.2691902,-0.11561858,-0.22214288,0.046025638,-0.086295515,0.12902947,-0.017343856,0.014045528,0.11853747,0.045938063,0.054596003,0.033837073,0.052179124,-0.050417095,-0.026396332,0.06549917,-0.065433145,0.048436455,-0.0059619574,0.011979887,-0.013529607,0.011296082,-0.008208788,0.01991679
-0.008204559,-0.055032127,-0.007893707,-0.0118933255,0.11022119,-0.12657046,0.1194036,-0.1998228,-0.2768485,-0.05858892,-0.05398408,0.047342468,0.09272769,0.10967609,-0.15449691,-0.047296826,-0.09614773,-0.036345854,-0.06137243,0.02940165,-0.0042487606,-0.08896967,0.050845243,0.2062774,0.009568217,-0.08311199,-0.043941468,-0.10577428,-0.10369133,0.044524357,0.030740973,-0.086765446,-0.01683821,0.018998692,-0.015642129,-0.015690228,-0.062826,0.29716367,0.23594704,0.099511564,0.09347826,0.161789,-0.1150396,-0.17329502,-0.14567031,0.015912514,0.10783997,0.07195822,0.14772457,0.11726579,-0.0594635,-0.09204076,-0.19570158,-0.022665516,0.03162861,0.07536327,-0.04177902,0.12078132,0.0666714,0.02541961,0.09456339,-0.046891693,0.031326503,0.16397338,0.08474903,-0.09500966,0.10445708,0.12250195,0.31872907,-0.08266428,0.063153885,-0.17374848,-0.2330555,-0.0031522587,-0.018321626,0.05282755,0.03329829,0.0073288307,-0.022734914
0.009994536,0.00023736537,0.01116928,0.009188561,0.013413326,-0.001891479,-0.01689019,-0.015014843,-0.017811922,-0.04360219,0.10331436,0.09623733,0.02795546,-0.028529357,0.0076144217,0.087028235,0.09045837,0.05375717,0.007933021,0.0014494907,-0.06336718,0.036570787,0.1488653,-0.31181893,-0.5446244,0.60059226,0.048176493,0.006815197,0.0649463,-0.21200253,-0.014738748,0.03278265,0.025677994,-0.016840525,0.02217109,0.022882411,0.009040107,-0.0067484435,0.0035909722,-0.046943493,0.1067787,0.039966203,0.024497464,-0.040300246,-0.16036887,-0.038804986,0.028063526,0.017350486,0.046294395,0.021804877,-0.028416695,0.025999986,-0.027785316,0.065250196,-0.060119472,0.036755506,-0.028195675,0.0073789163,0.014355655,0.04032811,0.014995189,0.044713978,0.04558467,0.12687233,0.07212729,0.017956173,0.030226253,0.05067356,0.0691628,0.04518005,-0.0025872823,-0.13166599,-0.047866687,-0.021690805,-0.01772752,-0.0031007926,-0.0012741243,-0.012529164,-0.012273795
-0.007930037,-0.015658036,-0.0023166179,-0.0019055787,-0.04076359,0.1009101,-0.059262656,0.08266356,0.129602,0.04972049,-0.004612844,-0.05802424,0.060792476,0.039146513,-0.11106067,0.12181079,0.020346431,0.053713918,0.014237166,-0.06992325,0.10059817,0.05608441,-0.06457158,-0.08368684,0.056201253,-0.12252932,0.004169731,0.045036912,0.033771962,-0.010531245,0.0021484352,0.05334465,0.031555567,0.0021634966,0.024720574,0.033893503,0.04188368,-0.15713324,-0.10533316,0.16419123,0.26984805,0.18666148,-0.15771587,-0.20614994,-0.18282813,0.0021090575,-0.00010339137,-0.07278838,-0.09114522,-0.11719672,-0.015565506,0.016071552,-0.30333808,0.102809496,-0.007110025,0.44003233,-0.0329957,0.05448131,-0.0840997,-0.037253723,-0.10666711,0.08488655,0.048489183,0.25314856,0.12638558,0.07213237,-0.052669413,0.03060049,-0.1566162,-0.16513659,0.0958296,0.27743,-0.016829578,-0.019073777,-0.0017569247,0.03945742,0.0454556,-0.02597085,-0.011820394
-0.0033923346,0.021935673,-0.010984795,-0.007139545,0.017312426,-0.1767355,0.1869219,-0.037972312,-0.14545912,-0.09347592,-0.01007356,0.09692251,0.004758357,0.030054433,-0.09669127,-0.0067940643,-0.102676876,-0.027777398,0.02204091,-0.0013152187,-0.07944599,-0.07523238,0.120760426,0.09509687,-0.16535753,0.18507376,-0.014235967,-0.08440329,-0.055455077,-0.024014678,0.011402149,-0.07379261,-0.016923944,0.039151527,-0.0050458163,-0.011575442,-0.04827189,0.15685874,0.086335935,0.018066814,-0.062884636,0.14610614,0.018802652,-0.05794207,0.23392393,0.031024143,0.11718588,-0.03297074,-0.28631523,-0.010368932,-0.009384769,0.06588658,0.037010383,-0.12912585,0.12810785,-0.114022374,0.02179777,0.07062062,-0.019912938,-0.250196,0.023994913,-0.036685605,0.004327003,-0.019349953,-0.010317521,-0.013612411,0.011877657,-0.0899984,-0.3018004,-0.2793604,0.11206577,0.44702378,0.15650722,-0.0032407346,-0.0054300427,0.019413047,0.0106561715,-0.0010918558,-0.0115842065
-0.024131615,0.02478278,-0.024743445,-0.02952023,-0.06435092,0.094655864,-0.10757142,0.121746115,0.20239617,-0.21701087,-0.05847427,0.24308936,-0.054931596,-0.024726642,0.071060635,-0.10845283,-0.12500668,-0.08441272,-0.01210035,-0.023245618,-0.09683664,-0.24084707,0.25808468,0.4345341,-0.13951157,0.093112394,-0.09869712,-0.27605182,-0.224041,0.028422493,0.019372292,-0.23682852,-0.065260924,-0.0103315795,-0.051611513,-0.057755537,0.048214268,-0.15544598,-0.1359763,0.04367342,0.04095795,-0.06889883,-0.0870965,0.070397004,-0.12822594,0.004341094,-0.11127683,-0.033105563,0.021533621,-0.052415892,0.043186925,-0.05386651,-0.05967918,0.066344686,-0.04405035,0.16206153,0.018814843,-0.059525017,-0.018200058,0.069987364,-0.042140286,-0.17806762,-0.020041866,-0.008073576,-0.0076923794,0.036911283,-0.035202086,-0.030990364,-0.04356356,0.09572034,-0.08476888,0.00018986997,0.025094707,0.017226527,0.028071819,-0.016813425,0.0033534686,0.023919497,0.034545794
0.0009845514,-0.0010940286,0.0017800549,0.003582167,0.03290076,-0.048114236,0.15857339,-0.16136742,-0.09494619,-0.0067899358,0.00020666407,0.00067885267,0.03521204,0.028611775,-0.06551291,-0.003916219,0.06677422,0.023103703,-0.023167914,0.043637127,0.006265053,0.010835029,-0.0073974538,-0.00666213,0.036854096,-0.036791887,0.0018161917,0.008244904,0.0017789638,-0.019504724,-0.0061366465,0.009684814,0.0008196879,-0.053681035,-0.0058667217,0.0019986602,0.17696264,0.08213867,0.07652488,-0.20705482,0.20372076,-0.302961,-0.16014123,0.2883845,-0.3524096,-0.10387342,-0.06420439,0.120642334,-0.21376504,-0.05748433,0.1689549,-0.19022633,0.39670852,0.16421372,-0.026525827,0.23223399,-0.04034813,0.007270898,0.16472848,-0.04611102,-0.0075010885,-0.0031886545,-0.007538929,-0.04150981,-0.023498744,-0.06492602,0.06532507,-0.023264237,-0.034238245,-0.119919635,0.10997021,0.10264778,0.008869275,0.006128952,-0.0008893271,-0.010239422,-0.0019423738,-0.00012582813,-0.005560869
0.001939328,0.051617216,-0.008599238,-0.004733691,0.008383986,-0.09865973,0.15292212,-0.13905443,-0.14312714,0.032762535,-0.0037564507,-0.03481539,-0.21861318,-0.15293498,0.36038902,0.028785842,0.028489271,0.013428325,-0.037196472,0.06774993,0.009609497,0.0007533983,-0.010156618,-0.0037053304,0.02443661,-0.021565283,-0.0017867327,0.020546764,0.0040536243,0.020406934,0.0013204528,0.0017103847,0.014533171,-0.037331406,0.012851617,0.0130174635,0.0036005126,0.19631408,0.10798743,0.047134165,0.023615973,0.01653615,-0.08567064,-0.004410575,-0.009672903,0.037266154,-0.12024177,0.12281677,-0.09218103,0.06861009,-0.057878055,0.12376537,-0.2741817,0.04781903,-0.06080213,0.24718466,0.015177615,-0.069394015,0.13210148,-0.09515778,0.06897233,0.03418823,0.02427147,0.075198375,0.049111113,-0.054090656,0.07533679,-0.2503125,-0.16585329,0.31784192,-0.20374194,-0.107490905,0.37368208,-0.03315327,-0.03924969,0.038085688,0.01886124,0.011734367,-0.0022516765
-0.00390894,0.04376537,-0.0018558102,-0.0003245675,-0.036755774,-0.27639493,-0.098617494,0.2927361,-0.093515754,0.044107962,0.00535576,-0.04286178,-0.036966417,-0.0052314634,0.0254552,0.22830376,-0.007620269,0.04329219,0.1355112,-0.10570074,4.113938e-05,-0.021617934,0.041788522,-0.008512727,0.054176755,-0.038519606,-0.00079854747,-0.025366206,-0.03368539,-0.090374,-0.049333364,-0.022389743,-0.022002948,0.09205194,-0.008303347,-0.0055613937,-0.02286638,0.06108209,-0.043041743,-0.088134386,0.32917824,-0.2385353,-0.09372756,-0.058612116,-0.17031257,0.1699656,0.13797724,-0.24961258,-0.053088725,0.28307167,0.029738573,0.027822435,-0.07033768,0.0062678256,0.035901483,-0.05943026,0.13158613,0.11101322,-0.28632772,-0.0626983,0.28626248,-0.03326031,-0.079779625,-0.17653485,-0.1312677,0.0015285317,-0.015389168,0.0136328945,0.032748703,-0.015410674,-0.09053736,-0.060088992,0.0768463,-0.0033655681,0.0069928584,-0.0022749605,-0.0034095817,-0.012898127,0.0022779133
0.0061542215,0.02451858,0.0003253519,0.008638403,-0.026231052,-0.13102339,-0.06277124,0.16805051,-0.027969701,-0.056542825,-0.019699538,0.03220293,-0.003121105,0.03408904,-0.019777173,-0.37504733,-0.014848608,-0.101560935,0.045443468,-0.07506414,0.0006674488,0.047678884,-0.12160053,-0.02006205,-0.028772436,0.047849216,0.024525736,0.07810021,0.10498197,0.20679177,0.10515873,0.04077131,0.015189648,0.07491423,0.03929478,0.035909753,0.005989785,0.03588831,-0.022210434,0.009446312,-0.32407048,-0.01977689,-0.0983111,0.45967028,-0.17304115,0.087634206,0.052316062,-0.16989975,-0.046395745,0.11545576,-0.025446473,0.061605375,-0.07029182,0.048306406,-0.040026173,-0.00066674605,0.08074596,0.08023276,-0.13423827,-0.013563949,0.14796256,0.083071075,0.1453413,0.32400095,0.24744815,0.027673934,0.0011486473,0.02389918,0.02135712,-0.043750644,-0.036588077,0.040538035,0.020123044,-0.00044123793,0.010590027,0.005695936,0.009234907,-0.0016557642,-0.00084375945
-0.00019909423,-0.0010122181,-0.0037663225,-0.004565315,0.008087616,0.01786376,0.01820153,-0.028395345,-0.006332031,-0.040042732,0.019720487,0.064099535,0.018135708,0.017713888,-0.03930268,0.5776507,-0.29349265,0.0431585,-0.003496594,0.06588218,0.011522748,-0.014038935,0.051131625,-0.046019714,0.077955514,-0.05637597,0.003268161,-0.034719218,-0.02598396,-0.19084732,-0.1245248,-0.014727811,0.010907279,-0.026851391,-0.021484222,-0.008560387,-0.013015785,0.00565622,0.0050769057,0.070057206,-0.3957551,0.2201764,-0.0762446,0.37607035,-0.187903,0.010575347,-0.0015127867,0.035074107,0.017768312,0.010852147,-0.09654678,0.14061742,-0.051845554,0.09522469,-0.13766049,0.035659835,-0.03691988,0.028398186,-0.035228312,-0.009899428,-0.011547262,-0.013243599,-0.058269747,-0.112013236,-0.07265826,0.007935392,-0.056971956,-0.0031031903,0.041466173,-0.05922163,0.05784811,-0.012961327,-0.0063540945,-0.003991711,-0.0016585453,0.014779218,0.014962581,-0.024254,-0.022965476
-0.008996654,0.0036555438,-0.010198245,-0.00971255,0.0005257689,-0.01725688,-0.001773085,0.014624339,-0.0072434056,0.06582571,0.027022116,-0.044624243,0.005963803,0.034070402,-0.023841863,-0.2153514,0.7033992,0.13308433,0.09429292,-0.025691573,0.021462759,-0.04024508,0.16472214,-0.003872535,0.05934285,-0.046275157,-0.01615876,-0.07792578,-0.098667786,-0.27052468,-0.09884079,-0.041439157,-0.02292068,0.015528858,-0.011461967,-0.015069018,-0.019946642,-0.0032021762,0.0018639115,0.11817042,-0.19212088,0.22317667,-0.09138704,0.14014725,-0.09980114,0.06751323,-0.02806641,-0.012728443,0.0084122615,0.017405897,-0.08817762,-0.059596676,-0.109987885,0.06581599,0.15950704,0.03321942,-0.062997155,0.031830166,-0.007148123,-0.039074972,-0.009209185,-0.044007156,-0.10646453,-0.18337972,-0.1335691,-0.09396675,0.026475647,0.0038802815,0.020766767,-0.03579825,0.016005073,0.034713253,0.0126679735,0.00970358,0.0046124514,-0.02446467,-0.026647625,0.006498828,0.013904155
0.0013085506,0.008018026,-0.00433779,0.0022266605,0.002142223,-0.019612359,-0.004646116,0.0017146716,-0.010971326,-0.5870396,-0.039622672,0.5878208,-0.0102443965,-0.012408488,0.01981657,0.03686147,0.18185486,0.053993396,-0.086579055,0.09711104,0.064513154,0.026712371,-0.06700326,-0.20816427,0.19170885,-0.19461311,0.07626785,-0.024348814,0.08633113,-0.17169389,-0.087681,0.026029868,0.022246122,0.007807814,0.014846467,0.016715482,-0.0069649755,0.022343127,0.016488433,-0.03086768,0.06830059,-0.054299686,0.0464516,-0.061265774,0.0636069,-0.033150125,-0.005914723,-0.0016077127,-0.024405304,0.024152389,0.009850526,0.0015779007,0.014651104,-0.044979993,0.029745724,-0.060933094,0.037263032,0.021108702,-0.008061753,0.008567454,0.03481159,0.047548566,0.05257676,0.113093555,0.075616464,0.09656734,-0.07825847,-0.0065988265,0.0034726292,0.009541854,-0.010654945,-0.02957273,0.018858822,-0.010957596,0.0038967954,-0.001018153,-0.006428471,-0.010035864,-0.01086791
-0.0020353647,-0.015959378,0.0010152786,-0.006103841,0.0019691712,0.02274227,-0.0050966777,-0.0065887608,0.033905886,-0.12418849,-0.017776206,0.11764815,-0.0033258956,-0.011324709,0.010705413,0.057161994,-0.07107427,-0.0051251515,0.4091231,-0.47492683,0.022761982,0.003752962,-0.013779242,-0.04492581,0.039629642,-0.04633557,0.013288514,-0.013298004,0.021679932,-0.013554441,-0.011512219,0.0041004657,0.00688825,-0.039402537,0.003546224,0.007866286,-0.026201008,-0.048875768,-0.0625145,0.028377833,-0.010261442,-0.02742699,0.08459905,-0.00018047866,0.0074663237,0.086344056,0.12556966,0.046486147,0.060236283,-0.016127568,-0.015929226,0.018469084,0.054636262,-0.04782293,-0.025035921,0.03132892,-0.1630414,-0.21724682,0.031833492,-0.046518274,-0.064783,0.026670901,0.010706333,0.060325157,0.028657218,-0.42711893,0.48457873,-0.015928615,-0.017385963,0.006213394,0.015341805,-0.0035531146,0.010931512,-0.010530643,-0.009591905,-0.00050917524,-0.0009869218,0.004327871,0.008921628
0.00044059544,-0.009782604,0.0041565457,0.005027495,0.0008845416,0.0052863187,-0.010548795,0.005010046,0.017232692,-0.03430462,0.0016595491,0.032854203,0.0032386098,-0.0028593512,-0.0064916112,-0.034947522,-0.05658112,-0.0116999345,0.5123872,0.4460944,-0.004599922,0.0015542696,-0.024747256,-0.03360412,-0.02188289,0.01869273,0.015891708,0.0063138274,0.028703544,0.07686541,0.039259303,0.006267894,-0.005001983,-0.0030774393,0.0042450135,-0.00745101,0.00308319,-0.008414576,-0.0024285344,-0.011139633,0.03509087,-0.0032869126,0.0025701097,-0.035234716,0.0054125595,0.12489516,-0.118623726,0.0027916785,0.004850802,-0.009356507,0.023815414,-0.004904776,-0.015775453,-0.008385817,-0.010134379,0.013617539,-0.12587857,0.107529975,0.014993252,0.007390139,-0.0084673455,-0.013235173,0.01826691,0.014893085,0.009147806,-0.5038843,-0.4501713,0.00934948,-0.0044811033,0.0077024214,0.0017992523,0.0015738907,-0.021030584,0.002329614,0.004362489,0.009252512,0.0037034214,-0.0070317686,-0.006294766
0.0024196862,-0.005393391,0.0026795277,0.004028245,0.003413647,-0.015304723,0.00026324298,0.008975694,-0.025511721,-0.035957813,-0.012801559,0.027844837,-0.010559649,0.002487314,-0.004824227,-0.054613024,0.00930701,0.006293759,-0.0656783,0.08080207,-0.018674508,0.018264141,-0.09778654,0.020377984,-0.045161016,0.031824354,0.00862056,0.02511309,0.042815186,0.084536895,0.03694438,0.016596705,-0.012027023,-0.014260698,0.004585766,0.004152969,-0.06736488,0.0068517295,0.019652987,0.3914778,0.028542805,-0.14328785,0.43114632,0.04816772,-0.31039473,0.06979658,0.10669207,-0.00919116,0.07527888,0.03458574,-0.34814298,-0.012762434,0.16187537,-0.41425455,-0.007151444,0.28337982,-0.044266734,-0.08294541,-0.02026637,-0.11991554,-0.030650148,-0.0074280123,-0.049772635,-0.13982217,-0.084787585,0.06912216,-0.08537677,-0.030175056,-0.0038709678,-0.03227098,0.018798353,0.00629448,0.043650813,0.012212429,-0.0034332313,-7.107116e-05,-0.00042818207,0.0019784172,0.0043666516
-0.004658623,-0.0060571968,-0.015491336,-0.011689101,-0.007798708,0.012155391,-0.0029636307,0.0154264355,0.041494653,0.20836972,0.042640653,-0.17143741,-0.0051054424,-0.005531083,0.013223415,0.09232499,0.052178573,0.010258702,0.017026087,0.07953148,0.028030429,-0.07862655,0.3773909,0.002498295,0.17908248,-0.0940873,-0.06131722,-0.082233526,-0.17287482,-0.33943844,-0.13386506,-0.07277061,0.00012622996,-0.0044323523,-0.010429309,-0.0020394584,-0.013005542,0.018026056,0.0018214011,-0.031116648,-0.006884173,-0.210454,0.23171648,0.052986365,0.08015568,-0.014103206,0.05734879,-0.010884755,0.0025898293,-0.0036152469,0.016626356,0.03382934,0.12797567,-0.20469,-0.018961336,-0.020970043,0.025042256,-0.03317716,-0.03008894,-0.002124172,0.004422427,-0.0036942884,0.14957811,0.48700637,0.28586715,-0.011576993,-0.060560588,-0.043807056,0.024883477,-0.038852897,0.046205726,-0.047773372,0.069061354,-0.007894352,0.0054317648,0.005285177,0.0005156571,-0.025994271,-0.025392478
-0.0025683008,-0.0026672168,-0.0011584864,-0.0026921192,-0.00016948895,0.024448942,0.005274309,-0.019889744,0.020473687,0.00953086,0.0033766353,-0.0053894087,0.005356713,-0.013098724,0.0027318206,0.018408706,-0.03745524,0.0003909085,-0.022510296,-0.020348338,0.011513413,-0.00040397016,0.014375146,-0.019320378,-0.013756437,0.018704277,0.0013307295,-0.0067754984,0.004128792,-0.04602334,-0.009241805,-0.0018581257,0.004149243,-0.008473905,0.0070416466,0.0010333947,-0.001627108,0.024710538,-0.021407185,0.47827944,0.06095903,-0.2832238,-0.34541297,-0.04643597,0.20905723,0.1267976,-0.11617463,-0.0027040918,0.027341949,0.0041527976,-0.46827766,-0.01722608,0.2521258,0.35143197,0.014706092,-0.1717418,-0.12726922,0.11159807,-0.010263437,-0.030813739,-0.011302806,0.007105304,0.057437435,0.04768493,0.08363723,0.017340593,0.015991464,-0.0131135555,-0.0074642,-0.017693184,0.03230134,-0.024301507,0.030061016,-0.007306281,0.0056740073,0.0035919202,-0.0015854294,-0.0068439837,-0.00097479124
0.005021001,-0.016014481,-0.0048916377,0.0061241,0.0062497677,0.088146284,0.021317512,-0.07822616,0.028785594,-0.013071427,-0.004551238,0.01132728,-0.015530196,-0.0009128892,-0.0034612291,-0.03612926,0.012286817,0.0041911923,-0.04209139,0.051997975,0.00315016,0.010233761,-0.058096282,0.045129146,-0.023452194,0.017611599,0.0026365526,0.012443028,0.00837651,0.0065229638,-0.034643326,0.0063223275,0.010939945,-0.010827587,-0.013595322,-0.013597003,-0.051652264,-0.043165665,-0.0066674603,-0.15855823,-0.004480522,-0.034978483,-0.10613715,-0.008489148,-0.0076970616,0.06265798,0.076193355,0.050685763,0.58810717,0.22365884,0.14845464,0.031420413,0.058296256,0.121932484,0.024103835,0.02928874,-0.05348301,-0.071208015,-0.15944038,-0.5642724,-0.20408364,-0.022624854,-0.038110357,0.067668274,0.0028733022,0.060585562,-0.07766416,-0.09050577,-0.013035724,-0.11697503,0.070190124,-0.0068897204,0.15039074,-0.045495845,-0.054915745,-0.018000145,-0.031800076,0.06104373,0.08179798
-0.006648122,0.049550455,0.0010543624,-0.000821427,-0.036868673,-0.075590536,-0.06858199,0.17534903,0.1518082,-0.0028185782,-0.004086417,0.0013574762,-0.0071413866,0.0041754786,-0.01372866,0.0046760715,0.035917576,-0.0076239062,-0.02349186,0.026602104,0.0024735653,0.020595092,-0.11455845,0.09634011,-0.040474705,0.037057593,0.012720067,0.014334508,0.03515435,-0.019441765,-0.04311858,0.02006336,0.035326727,-0.041969407,-0.01357443,0.0035527707,0.013891438,0.57199645,-0.5022613,-0.023356706,0.0028944772,0.026536176,0.020282075,-0.02394996,0.014597366,-0.036580697,-0.08218842,0.08314463,0.08353695,-0.1267767,0.027753046,-0.014412974,-0.007759599,-0.031244148,0.0045564733,0.020981746,0.055812106,0.096156165,0.021193312,0.06827886,-0.13195592,0.029662691,0.03383869,-0.035392,-0.0065334677,-0.03882012,0.061497625,-0.17560986,0.11126316,-0.16388308,0.21611327,-0.12892215,0.16334102,0.058714207,0.1207869,0.041602436,0.08189129,-0.1599823,-0.13209274
-0.0013860944,-0.04497522,-0.002499805,-0.0022380832,0.0312286,0.21303135,0.08246004,-0.24189083,0.009934135,-0.016498767,-0.009301672,0.014326443,-0.075842,0.021166002,0.007621295,-0.016347107,0.01694662,-0.009192206,0.048440814,-0.06668716,0.0022238216,0.009831182,-0.104996964,0.10043571,-0.05165225,0.03899913,0.008506062,0.0009375689,0.02631163,0.017784469,-0.038843755,0.010767567,-0.04713164,0.04518629,0.028494136,0.018691353,0.034904204,-0.28965273,0.17322583,-0.0055680727,0.015706874,0.023146376,0.040426273,-0.023828007,0.014509545,0.0056268927,-0.086640835,-0.2418783,-0.09892678,0.0029297248,0.023625383,-0.016393386,-0.0446755,-0.014301263,-0.0009511438,-0.01980396,-0.016512226,0.06253741,-0.14550537,0.17797607,0.12964292,-0.013531232,-0.0032757334,-0.014577941,-0.01113974,0.005668606,0.005196347,-0.30160376,0.22076637,-0.33528432,0.2701016,-0.25986302,0.40010104,0.052257027,0.02309145,0.042368975,0.017690042,-0.048133835,-0.07746267
0.013343763,0.035887443,-0.012602341,0.00032559418,-0.05483361,-0.40295357,-0.15683028,0.4212059,-0.19576252,-0.0028623354,0.002357968,0.0045992592,-0.023748044,-0.0015580526,0.001555049,-0.009587678,-0.02376691,0.028933497,0.06266233,0.03010204,0.0057806117,0.0021256527,0.011545703,-0.016669502,-0.002622717,-0.011116028,0.0002725829,0.0032903631,-0.0058293226,0.022540998,0.0042151376,0.0009370784,0.01647854,0.013660268,-0.010319847,-0.0070668,-0.0017444283,-0.19153655,0.26146123,0.07634519,-0.007342105,0.012773862,-0.06461181,-0.013796177,0.042229176,-0.27020097,0.052702677,0.15367036,0.09652955,-0.18517412,-0.04284073,-0.010082898,0.001859701,0.054778285,-0.010126214,0.027983097,0.1979484,-0.08770388,0.14387028,0.08830338,-0.24789113,-0.0047307853,-0.042880822,0.018887725,-0.0052295476,-0.036916,-0.024223883,-0.17749658,0.07891189,-0.11038126,0.20477845,-0.10109893,0.11687361,-0.06287238,-0.117029645,-0.040422145,-0.0690227,0.14098242,0.13121422
-0.006950566,0.004304583,0.0012962061,0.0030153245,0.021641461,0.12508248,0.05270187,-0.13373472,0.074834846,0.00435467,-0.006040514,-0.0113639785,0.014627559,-0.00095440535,-0.008693716,0.053035393,0.01521233,0.047852784,0.09918237,-0.078637205,0.009730321,0.030041771,-0.19753057,0.17688957,-0.029612124,0.051597457,0.012350017,0.024987921,0.02776504,-0.11604045,-0.12721604,0.015736975,0.0051262504,0.009108752,-0.0055619646,-0.014819019,0.010739251,0.102296114,-0.12276702,0.066570856,0.0061524045,-0.012704412,0.073613845,0.012433255,-0.008302274,-0.31047153,-0.23468436,-0.049072832,-0.025976859,0.06369836,-0.06318856,0.0060009467,0.002690225,-0.07846166,-0.00032174998,-0.0113031315,0.3200946,0.27184895,-0.07325933,-0.03373492,0.07621583,-0.009409398,-0.02784112,0.06847648,0.01642407,-0.11076692,0.051682122,0.044775907,-0.0016011004,0.007949097,-0.04417838,0.038253866,-0.042177018,-0.25232223,-0.2335217,-0.14761622,-0.13518162,0.3277302,0.376613
0.004295503,-0.011275085,0.0049456945,0.011237547,0.020595336,0.16754729,0.06338776,-0.16933705,0.06981279,-0.0064661773,0.016532836,0.016237777,-0.0012884862,0.009690603,-0.008182649,-0.08642545,-0.043033704,-0.012021349,0.10942398,0.058647975,-0.00669589,-0.03317328,0.30278888,-0.28727144,0.047900867,-0.08724184,-0.017432652,-0.01955867,-0.06797533,0.17548768,0.16367699,-0.032792095,0.00048172893,0.0072952397,0.004634715,0.0059662345,0.012695759,0.0778243,-0.114116885,0.113818295,0.008564642,0.018080696,-0.096063405,-0.010175693,-0.03093635,-0.44705337,0.2435005,-0.0708069,0.02471512,0.068047225,-0.11622145,0.008942923,-0.008521483,0.10094283,-0.0036965306,-0.0007608545,0.44868445,-0.22600862,-0.08829671,-0.061642688,0.07491214,0.019924395,-0.0026640138,-0.10788966,-0.037160046,-0.0998898,-0.04173969,0.0035296814,0.014160132,-0.040541373,-0.012592271,-0.017860252,0.0489564,0.05570677,0.05614457,0.030352568,0.04277513,-0.0828848,-0.084701076
0.0034345507,0.0024091809,-0.010671737,-0.005486661,0.0052091866,0.0607714,0.016068667,-0.04864489,0.06613636,0.007403791,-0.009083213,-0.010615317,0.00038139662,0.012115241,-0.0023710409,0.005414813,0.035095837,0.010611926,-0.05473138,0.16649802,0.002448472,0.013765689,-0.14020304,0.13054346,-0.018317098,0.03514839,0.009987093,0.0069345627,0.033526786,-0.06166948,-0.070153356,0.013634227,-0.029524362,-0.014790475,0.01814218,0.013800396,0.00715938,0.15015446,-0.14617561,0.0013777518,0.0051504504,0.003244408,-0.11460707,-0.006332989,0.022423694,0.15614273,0.5132046,-0.068798974,-0.16947709,-0.0505043,0.0021204166,-0.00785969,-0.022858879,0.10719975,-0.0009674523,-0.021579664,-0.13980116,-0.4971603,0.017667763,0.1795144,0.076074384,0.00049298455,-0.032644782,0.04345784,0.009405835,0.022863543,-0.12949814,-0.03704736,0.05313816,-0.048277646,0.037024707,-0.0398991,0.034048177,-0.17761956,-0.14485483,-0.094488285,-0.08651131,0.22078519,0.24220274
-0.0077114194,-0.00084723043,-0.009670451,0.0025311594,-0.0009130512,-0.010164072,0.004775419,-0.003275178,-0.029134605,0.011498877,-0.015313503,-0.02102878,-0.008790192,-0.012995794,0.015001184,0.099789895,0.13035169,-0.058924813,0.09415202,0.044408236,0.016731974,0.047638632,-0.40071994,0.40631056,-0.07752528,0.11254772,0.020882599,0.025122086,0.08344891,-0.19761652,-0.25005913,0.03515736,0.0034536489,-0.004645507,-0.0163936,-0.0046966197,-0.010054235,-0.12025407,0.108632185,0.051183928,-0.0019478768,-0.038547833,-0.052689,0.011896705,0.02956416,-0.23287982,0.15334058,0.04149108,0.0038044727,0.041367285,-0.045158748,-0.01776071,0.030215971,0.037258144,0.037838325,-0.03125557,0.23399763,-0.16907428,-0.009728493,-0.05766066,0.015533913,-0.020771503,-0.02136229,0.116682336,0.039835602,-0.06750971,-0.041456513,0.072028026,-0.05952653,0.11319568,-0.09424469,0.06275207,-0.09903006,0.1797558,0.17546031,0.106167786,0.092153355,-0.24142307,-0.28467816
-0.005444799,-0.0041429056,0.015419001,-0.020592587,-0.004377439,0.006027771,0.0003245391,-0.0020963708,5.926874e-05,0.016185455,0.0013316198,-0.018634336,-0.0075807623,-0.0055713346,0.0108111,-0.19897676,-0.22000119,0.27260324,0.007422978,0.0039171036,0.034262635,0.028277773,-0.12883022,0.098694034,0.10675645,0.02376391,0.05955043,-0.07298786,0.09714178,-0.5761832,0.6427406,0.016131833,-0.046854496,0.019915268,0.0146284085,0.022844948,0.006603644,-0.009650952,0.0047026603,-0.014645998,0.0021674337,0.011494021,-0.005352476,-0.0069530155,-0.009840111,-0.023065865,0.008998446,-0.047897875,0.022810448,0.011293759,0.0042769816,0.028871762,-0.016404932,0.014671957,-0.03965559,0.018746288,0.020432277,-0.014940677,0.029614124,-0.018605148,-0.008020356,-0.011553491,0.0760372,-0.10543751,0.013496518,-0.0041818763,-0.002430914,-0.016564624,-0.008298181,0.0120661175,0.013934178,-0.0023533797,-0.0038703901,0.017850379,0.007518685,0.01707743,0.0066330824,-0.015977675,-0.020768058
-0.02086714,0.018643761,0.00056679174,0.033867206,0.00029002136,0.016399706,0.008020647,-0.019285252,-0.011231666,-0.002928222,0.003958632,0.006712611,-0.012650251,0.014146486,-0.008616185,-0.08450283,-0.019587792,0.04818495,0.003696089,-0.0051420718,-0.002766597,0.0064143892,-0.017412607,0.009376493,-0.0026630927,0.0051860716,-0.016889622,0.036794398,-0.029540494,-0.022709984,0.07154336,-0.0028009657,0.5872828,-0.20230633,-0.3364072,-0.26942432,-0.044311628,-0.038811516,0.026132207,0.007301076,0.005181571,-0.0051902174,0.0046932166,-0.00076282263,-0.0058516343,0.036087103,0.026714383,0.39681262,-0.1195901,0.014481017,-0.0007394134,-0.006136301,-0.0054434994,0.002846462,-0.00017431378,-0.007785161,-0.0072090705,-0.0003677379,-0.39986745,0.112091556,-0.00067763875,-0.022044683,-0.037014883,0.020145817,-0.014630248,0.002181045,-0.01036262,0.11074061,0.019048551,-0.109985024,-0.10804497,-0.033276815,0.12006412,0.013573824,-0.014748734,-0.0010591892,-0.004497664,0.024275284,-0.012664126
-0.009217204,-0.0010521923,0.0011348049,0.004756879,0.00022654736,-0.002254475,-0.009310586,0.010558022,0.0018905147,-0.056624934,0.019456457,0.102334835,-0.0017013359,-0.010129504,0.008065316,0.0024929214,-0.0004906321,-0.02363053,0.01485856,3.9825514e-05,0.00675996,0.026054373,-0.08440051,0.028323822,-0.016797585,0.04226924,-0.2864277,0.6599713,-0.59868276,-0.08899767,0.04536082,0.02146846,-0.01458673,0.012836224,0.021734964,-0.00806143,0.009100553,-0.011548886,0.00761454,-0.007766438,0.004980011,0.015091059,-0.0052645286,-0.007035019,-0.011850166,0.005140357,0.015010645,-0.025788434,0.021624628,-0.026721112,-0.0057358206,0.0031097317,-0.008061679,0.005297404,0.0015845243,0.0065261074,-0.0071579064,-0.008968082,0.02447944,-0.018946432,0.026536122,-0.00025408377,0.2161511,-0.15371418,0.10118205,-0.007432554,-0.001414625,0.00076098944,0.007073654,-0.0071599567,0.0041783275,0.0066994387,-0.0046285177,-0.02174688,0.005743668,0.014882707,-0.010218315,0.0047824555,-0.0031444638
